DROP DATABASE IF EXISTS `video_player`;
CREATE DATABASE `video_player`;
USE `video_player`;

DROP TABLE IF EXISTS `series`;
CREATE TABLE `series` (
  `id` int(11) NOT NULL AUTO_INCREMENT,
  `title` varchar(50) NOT NULL,
  `root` varchar(256) NOT NULL,
  `seasons` int(11) NOT NULL,
  PRIMARY KEY (`id`)
) ENGINE=InnoDB DEFAULT CHARSET=latin1;

DROP TABLE IF EXISTS `season`;
CREATE TABLE `season` (
  `id` int(11) NOT NULL AUTO_INCREMENT,
  `title` varchar(50) NOT NULL,
  `root` varchar(256) NOT NULL,
  PRIMARY KEY (`id`)
) ENGINE=InnoDB AUTO_INCREMENT=2 DEFAULT CHARSET=latin1;

DROP TABLE IF EXISTS `episode`;
CREATE TABLE `episode` (
  `id` int(11) NOT NULL AUTO_INCREMENT,
  `title` varchar(50) NOT NULL,
  `series_id` int(11) NOT NULL,
  `season_id` int(11) NOT NULL,
  `filename` varchar(256) NOT NULL,
  PRIMARY KEY (`id`),
  FOREIGN KEY (`series_id`)
     REFERENCES `series`(`id`)
     ON DELETE CASCADE
     ON UPDATE CASCADE,
  FOREIGN KEY (`season_id`)
     REFERENCES `season`(`id`)
     ON DELETE CASCADE
     ON UPDATE CASCADE
) ENGINE=InnoDB DEFAULT CHARSET=latin1;

LOCK TABLES `series` WRITE;
INSERT INTO `series` VALUES (1,'Roseanne','ROSEANNE',9);
INSERT INTO `series` VALUES (2,'Bewitched','BEWITCHED',8);
INSERT INTO `series` VALUES (3,'Golden Girls','GOLDEN_GIRLS',7);
INSERT INTO `series` VALUES (4,'Strangers With Candy','STRANGERS_WITH_CANDY',3);
INSERT INTO `series` VALUES (5,'Xena: Warrior Princess','XENA',6);
INSERT INTO `series` VALUES (6,'Wonder Woman','WONDER_WOMAN',3);
UNLOCK TABLES;

LOCK TABLES `season` WRITE;
INSERT INTO `season` VALUES (1,'Season One','S1');
INSERT INTO `season` VALUES (2,'Season Two','S2');
INSERT INTO `season` VALUES (3,'Season Three','S3');
INSERT INTO `season` VALUES (4,'Season Four','S4');
INSERT INTO `season` VALUES (5,'Season Five','S5');
INSERT INTO `season` VALUES (6,'Season Six','S6');
INSERT INTO `season` VALUES (7,'Season Seven','S7');
INSERT INTO `season` VALUES (8,'Season Eight','S8');
INSERT INTO `season` VALUES (9,'Season Nine','S9');
INSERT INTO `season` VALUES (10,'Season Ten','S10');
INSERT INTO `season` VALUES (11,'Season Eleven','S11');
INSERT INTO `season` VALUES (12,'Season Twelve','S12');
INSERT INTO `season` VALUES (13,'Season Thirteen','S13');
INSERT INTO `season` VALUES (14,'Season Fourteen','S14');
INSERT INTO `season` VALUES (15,'Season Fifteen','S15');
INSERT INTO `season` VALUES (16,'Season Sixteen','S16');
INSERT INTO `season` VALUES (17,'Season Seventeen','S17');
INSERT INTO `season` VALUES (18,'Season Eighteen','S18');
INSERT INTO `season` VALUES (19,'Season Nineteen','S19');
INSERT INTO `season` VALUES (20,'Season Twenty','S20');
UNLOCK TABLES;

LOCK TABLES `episode` WRITE;
/*ROSEANNE SEASON ONE*/
INSERT INTO `episode` VALUES (1,'Life and Stuff',1,1,'01.mp4');
INSERT INTO `episode` VALUES (2,'We\'re in the Money',1,1,'02.mp4');
INSERT INTO `episode` VALUES (3,'D-I-V-O-R-C-E',1,1,'03.mp4');
INSERT INTO `episode` VALUES (4,'Language Lessons',1,1,'04.mp4');
INSERT INTO `episode` VALUES (5,'Radio Days',1,1,'05.mp4');
INSERT INTO `episode` VALUES (6,'Lovers\' Lane',1,1,'06.mp4');
INSERT INTO `episode` VALUES (7,'The Memory Game',1,1,'07.mp4');
INSERT INTO `episode` VALUES (8,'Here\'s to Good Friends',1,1,'08.mp4');
INSERT INTO `episode` VALUES (9,'Dan\'s Birthday Bash',1,1,'09.mp4');
INSERT INTO `episode` VALUES (10,'Saturday',1,1,'10.mp4');
INSERT INTO `episode` VALUES (11,'Canoga Time',1,1,'11.mp4');
INSERT INTO `episode` VALUES (12,'The Monday Thru Friday Show',1,1,'12.mp4');
INSERT INTO `episode` VALUES (13,'Bridge Over Troubled Sonny',1,1,'13.mp4');
INSERT INTO `episode` VALUES (14,'Father\'s Day',1,1,'14.mp4');
INSERT INTO `episode` VALUES (15,'Nightmare on Oak Street',1,1,'15.mp4');
INSERT INTO `episode` VALUES (16,'Mall Story',1,1,'16.mp4');
INSERT INTO `episode` VALUES (17,'Becky\'s Choice',1,1,'17.mp4');
INSERT INTO `episode` VALUES (18,'The Slice of Life',1,1,'18.mp4');
INSERT INTO `episode` VALUES (19,'Workin\' Overtime',1,1,'19.mp4');
INSERT INTO `episode` VALUES (20,'Toto, We\'re Not in Kansas Anymore',1,1,'20.mp4');
INSERT INTO `episode` VALUES (21,'Death and Stuff',1,1,'21.mp4');
INSERT INTO `episode` VALUES (22,'Dear Mom and Dad',1,1,'22.mp4');
INSERT INTO `episode` VALUES (23,'Let\'s Call It Quits',1,1,'23.mp4');
/*ROSEANNE SEASON TWO*/
INSERT INTO `episode` VALUES (24,'Inherit the Wind',1,2,'01.mp4');
INSERT INTO `episode` VALUES (25,'The Little Sister',1,2,'02.mp4');
INSERT INTO `episode` VALUES (26,'Guilt by Disassociation',1,2,'03.mp4');
INSERT INTO `episode` VALUES (27,'Somebody Stole My Gal',1,2,'04.mp4');
INSERT INTO `episode` VALUES (28,'House of Grown-Ups',1,2,'05.mp4');
INSERT INTO `episode` VALUES (29,'Five of a Kind',1,2,'06.mp4');
INSERT INTO `episode` VALUES (30,'BOO!',1,2,'07.mp4');
INSERT INTO `episode` VALUES (31,'Sweet Dreams',1,2,'08.mp4');
INSERT INTO `episode` VALUES (32,'We Gather Together',1,2,'09.mp4');
INSERT INTO `episode` VALUES (33,'Brain-Dead Poets Society',1,2,'10.mp4');
INSERT INTO `episode` VALUES (34,'Lobocop',1,2,'11.mp4');
INSERT INTO `episode` VALUES (35,'No Talking',1,2,'12.mp4');
INSERT INTO `episode` VALUES (36,'Chicken Hearts',1,2,'13.mp4');
INSERT INTO `episode` VALUES (37,'One for the Road',1,2,'14.mp4');
INSERT INTO `episode` VALUES (38,'An Officer and a Gentleman',1,2,'15.mp4');
INSERT INTO `episode` VALUES (39,'Born to Be Wild',1,2,'16.mp4');
INSERT INTO `episode` VALUES (40,'Hair',1,2,'17.mp4');
INSERT INTO `episode` VALUES (41,'I\'m Hungry',1,2,'18.mp4');
INSERT INTO `episode` VALUES (42,'All of Me',1,2,'19.mp4');
INSERT INTO `episode` VALUES (43,'To Tell the Truth',1,2,'21.mp4');
INSERT INTO `episode` VALUES (44,'Fender Bender',1,2,'22.mp4');
INSERT INTO `episode` VALUES (45,'April Fool\'s Day',1,2,'23.mp4');
INSERT INTO `episode` VALUES (46,'Fathers and Daughters',1,2,'24.mp4');
INSERT INTO `episode` VALUES (47,'Happy Birthday',1,2,'25.mp4');
/*ROSEANNE SEASON THREE*/
INSERT INTO `episode` VALUES (48,'The Test',1,3,'01.mp4');
INSERT INTO `episode` VALUES (49,'Friends & Relatives',1,3,'02.mp4');
INSERT INTO `episode` VALUES (50,'Like a Virgin',1,3,'03.mp4');
INSERT INTO `episode` VALUES (51,'Like a New Job',1,3,'04.mp4');
INSERT INTO `episode` VALUES (52,'Goodbye Mr. Right',1,3,'05.mp4');
INSERT INTO `episode` VALUES (53,'Becky, Beds & Boys',1,3,'06.mp4');
INSERT INTO `episode` VALUES (54,'Trick or Treat',1,3,'07.mp4');
INSERT INTO `episode` VALUES (55,'PMS, I Love You',1,3,'08.mp4');
INSERT INTO `episode` VALUES (56,'Bird is the Word',1,3,'09.mp4');
INSERT INTO `episode` VALUES (57,'Dream Lover',1,3,'10.mp4');
INSERT INTO `episode` VALUES (58,'Do You Know Where Your Parents Are?',1,3,'11.mp4');
INSERT INTO `episode` VALUES (59,'Confessions',1,3,'12.mp4');
INSERT INTO `episode` VALUES (60,'The Courtship of Eddie, Dan\'s Father',1,3,'13.mp4');
INSERT INTO `episode` VALUES (61,'The Wedding',1,3,'14.mp4');
INSERT INTO `episode` VALUES (62,'Becky Doesn\'t Live Here Anymore',1,3,'15.mp4');
INSERT INTO `episode` VALUES (63,'Home-Ec',1,3,'16.mp4');
INSERT INTO `episode` VALUES (64,'Valentine\'s Day',1,3,'17.mp4');
INSERT INTO `episode` VALUES (65,'Communicable Theater',1,3,'18.mp4');
INSERT INTO `episode` VALUES (66,'Vegas Interruptus',1,3,'19.mp4');
INSERT INTO `episode` VALUES (67,'Her Boyfriend\'s Back',1,3,'20.mp4');
INSERT INTO `episode` VALUES (68,'Troubles with the Rubbles',1,3,'21.mp4');
INSERT INTO `episode` VALUES (69,'Second Time Around',1,3,'22.mp4');
INSERT INTO `episode` VALUES (70,'Dances with Darlene',1,3,'23.mp4');
INSERT INTO `episode` VALUES (71,'Scenes from a Barbecue',1,3,'24.mp4');
INSERT INTO `episode` VALUES (72,'The Pied Piper of Lanford',1,3,'25.mp4');
/*ROSEANNE SEASON FOUR*/
INSERT INTO `episode` VALUES (73,'A Bitter Pill to Swallow',1,4,'01.mp4');
INSERT INTO `episode` VALUES (74,'Take My Bike...Please!',1,4,'02.mp4');
INSERT INTO `episode` VALUES (75,'Why Jackie Become a Trucker!',1,4,'03.mp4');
INSERT INTO `episode` VALUES (76,'Darlene Fades to Black',1,4,'04.mp4');
INSERT INTO `episode` VALUES (77,'Tolerate Thy Neighbor',1,4,'05.mp4');
INSERT INTO `episode` VALUES (78,'Trick Me Up, Trick Me Down',1,4,'06.mp4');
INSERT INTO `episode` VALUES (79,'Vegas',1,4,'07.mp4');
INSERT INTO `episode` VALUES (80,'Vegas, Vegas',1,4,'08.mp4');
INSERT INTO `episode` VALUES (81,'Stressed to Kill',1,4,'09.mp4');
INSERT INTO `episode` VALUES (82,'Thanksgiving \'91',1,4,'10.mp4');
INSERT INTO `episode` VALUES (83,'Kansas City, Here We Come',1,4,'11.mp4');
INSERT INTO `episode` VALUES (84,'Santa Claus',1,4,'12.mp4');
INSERT INTO `episode` VALUES (85,'Bingo',1,4,'13.mp4');
INSERT INTO `episode` VALUES (86,'The Bowling Show',1,4,'14.mp4');
INSERT INTO `episode` VALUES (87,'The Back Story',1,4,'15.mp4');
INSERT INTO `episode` VALUES (88,'Less is More',1,4,'16.mp4');
INSERT INTO `episode` VALUES (89,'Breaking Up is Hard to Do',1,4,'17.mp4');
INSERT INTO `episode` VALUES (90,'This Old House',1,4,'18.mp4');
INSERT INTO `episode` VALUES (91,'The Commercial Show',1,4,'19.mp4');
INSERT INTO `episode` VALUES (92,'Therapy',1,4,'20.mp4');
INSERT INTO `episode` VALUES (93,'Lies',1,4,'21.mp4');
INSERT INTO `episode` VALUES (94,'Deliverance',1,4,'22.mp4');
INSERT INTO `episode` VALUES (95,'Secrets',1,4,'23.mp4');
INSERT INTO `episode` VALUES (96,'Don\'t Make Me Over',1,4,'24.mp4');
INSERT INTO `episode` VALUES (97,'Aliens',1,4,'25.mp4');
/*ROSEANNE SEASON FIVE*/
INSERT INTO `episode` VALUES (98,'Terms of Estrangement: Part 1',1,5,'01.mp4');
INSERT INTO `episode` VALUES (99,'Terms of Estrangement: Part 2',1,5,'02.mp4');
INSERT INTO `episode` VALUES (100,'The Dark Ages',1,5,'03.mp4');
INSERT INTO `episode` VALUES (101,'Mommy Nearest',1,5,'04.mp4');
INSERT INTO `episode` VALUES (102,'Pretty in Black',1,5,'05.mp4');
INSERT INTO `episode` VALUES (103,'Looking for Loans in All the Wrong Places',1,5,'06.mp4');
INSERT INTO `episode` VALUES (104,'Halloween IV',1,5,'07.mp4');
INSERT INTO `episode` VALUES (105,'Ladies\' Choice',1,5,'08.mp4');
INSERT INTO `episode` VALUES (106,'Stand on Your Man',1,5,'09.mp4');
INSERT INTO `episode` VALUES (107,'Good Girls, Bad Girls',1,5,'10.mp4');
INSERT INTO `episode` VALUES (108,'Of Ice and Men',1,5,'11.mp4');
INSERT INTO `episode` VALUES (109,'No Place Like Home for the Holidays',1,5,'12.mp4');
INSERT INTO `episode` VALUES (110,'Crime and Punishment',1,5,'13.mp4');
INSERT INTO `episode` VALUES (111,'War and Peace',1,5,'14.mp4');
INSERT INTO `episode` VALUES (112,'Lanforn Daze',1,5,'15.mp4');
INSERT INTO `episode` VALUES (113,'Wait Till Your Father Gets Home',1,5,'16.mp4');
INSERT INTO `episode` VALUES (114,'First Cousin, Twice Removed',1,5,'17.mp4');
INSERT INTO `episode` VALUES (115,'Lose a Job, Winnebago',1,5,'18.mp4');
INSERT INTO `episode` VALUES (116,'It\'s a Boy!',1,5,'19.mp4');
INSERT INTO `episode` VALUES (117,'It Was Twenty Years Ago Today',1,5,'20.mp4');
INSERT INTO `episode` VALUES (118,'Playing with Matches',1,5,'21.mp4');
INSERT INTO `episode` VALUES (119,'Promises, Promises',1,5,'22.mp4');
INSERT INTO `episode` VALUES (120,'Glengarry, Glen Rosey',1,5,'23.mp4');
INSERT INTO `episode` VALUES (121,'Tooth of Consequences',1,5,'24.mp4');
INSERT INTO `episode` VALUES (122,'Daughters and Other Strangers',1,5,'25.mp4');
/*ROSEANNE SEASON SIX*/
INSERT INTO `episode` VALUES (123,'Two Down, One to Go',1,6,'01.mp4');
INSERT INTO `episode` VALUES (124,'The Mommy\'s Curse',1,6,'02.mp4');
INSERT INTO `episode` VALUES (125,'Party Politics',1,6,'03.mp4');
INSERT INTO `episode` VALUES (126,'A Stash from the Past',1,6,'04.mp4');
INSERT INTO `episode` VALUES (127,'Be My Baby',1,6,'05.mp4');
INSERT INTO `episode` VALUES (128,'Halloween V',1,6,'06.mp4');
INSERT INTO `episode` VALUES (129,'Homeward Bound',1,6,'07.mp4');
INSERT INTO `episode` VALUES (130,'Guilt by Imagination',1,6,'08.mp4');
INSERT INTO `episode` VALUES (131,'Homecoming',1,6,'09.mp4');
INSERT INTO `episode` VALUES (132,'Thanksgiving \'93',1,6,'10.mp4');
INSERT INTO `episode` VALUES (133,'The Driver\'s Seat',1,6,'11.mp4');
INSERT INTO `episode` VALUES (134,'White Trash Christmas',1,6,'12.mp4');
INSERT INTO `episode` VALUES (135,'Suck Up or Shut Up',1,6,'13.mp4');
INSERT INTO `episode` VALUES (136,'Busted',1,6,'14.mp4');
INSERT INTO `episode` VALUES (137,'David vs. Goliath',1,6,'15.mp4');
INSERT INTO `episode` VALUES (138,'Everyone Comes to Jackie\'s',1,6,'16.mp4');
INSERT INTO `episode` VALUES (139,'Don\'t Make Room for Daddy',1,6,'17.mp4');
INSERT INTO `episode` VALUES (140,'Don\'t Ask, Don\'t Tell',1,6,'18.mp4');
INSERT INTO `episode` VALUES (141,'Labor Day',1,6,'19.mp4');
INSERT INTO `episode` VALUES (142,'Past Imperfect',1,6,'20.mp4');
INSERT INTO `episode` VALUES (143,'Lies My Father Told Me',1,6,'21.mp4');
INSERT INTO `episode` VALUES (144,'I Pray the Lord My Stove to Keep',1,6,'22.mp4');
INSERT INTO `episode` VALUES (145,'Body by Jake',1,6,'23.mp4');
INSERT INTO `episode` VALUES (146,'Isn\'t it Romantic?',1,6,'24.mp4');
INSERT INTO `episode` VALUES (147,'Altar Egos',1,6,'25.mp4');
/*ROSEANNE SEASON SEVEN*/
INSERT INTO `episode` VALUES (148,'Nine is Enough',1,7,'01.mp4');
INSERT INTO `episode` VALUES (149,'Two for One',1,7,'02.mp4');
INSERT INTO `episode` VALUES (150,'Snoop Davey Dave',1,7,'03.mp4');
INSERT INTO `episode` VALUES (151,'Girl Talk',1,7,'04.mp4');
INSERT INTO `episode` VALUES (152,'Sleeper',1,7,'05.mp4');
INSERT INTO `episode` VALUES (153,'Skeleton in the Closet',1,7,'06.mp4');
INSERT INTO `episode` VALUES (154,'Follow the Son',1,7,'07.mp4');
INSERT INTO `episode` VALUES (155,'Punch and Jimmy',1,7,'08.mp4');
INSERT INTO `episode` VALUES (156,'White Men Can\'t Kiss',1,7,'09.mp4');
INSERT INTO `episode` VALUES (157,'Thanksgiving \'94',1,7,'10.mp4');
INSERT INTO `episode` VALUES (158,'Maybe Baby',1,7,'11.mp4');
INSERT INTO `episode` VALUES (159,'The Parenting Trap',1,7,'12.mp4');
INSERT INTO `episode` VALUES (160,'Rear Window',1,7,'13.mp4');
INSERT INTO `episode` VALUES (161,'My name is Bev',1,7,'14.mp4');
INSERT INTO `episode` VALUES (162,'Bed and Bored',1,7,'15.mp4');
INSERT INTO `episode` VALUES (163,'Sisters',1,7,'16.mp4');
INSERT INTO `episode` VALUES (164,'Lost Youth',1,7,'17.mp4');
INSERT INTO `episode` VALUES (165,'Single Married Female',1,7,'18.mp4');
INSERT INTO `episode` VALUES (166,'All About Rosey',1,7,'19.mp4');
INSERT INTO `episode` VALUES (167,'Husbands and Wives',1,7,'20.mp4');
INSERT INTO `episode` VALUES (168,'Happy Trailers',1,7,'21.mp4');
INSERT INTO `episode` VALUES (169,'The Blaming of the Shrew',1,7,'22.mp4');
INSERT INTO `episode` VALUES (170,'the Birds and the Frozen Bees',1,7,'23.mp4');
INSERT INTO `episode` VALUES (171,'Couch Potatoes',1,7,'24.mp4');
INSERT INTO `episode` VALUES (172,'Sherwood Schwartz: A Loving Tribute',1,7,'25.mp4');
/*ROSEANNE SEASON EIGHT*/
INSERT INTO `episode` VALUES (173,'Shower the People You Love with Stuff',1,8,'01.mp4');
INSERT INTO `episode` VALUES (174,'Let Them Eat Junk',1,8,'02.mp4');
INSERT INTO `episode` VALUES (175,'Roseanne in the Hood',1,8,'03.mp4');
INSERT INTO `episode` VALUES (176,'The Last Date',1,8,'04.mp4');
INSERT INTO `episode` VALUES (177,'Halloween: the Final Chapter',1,8,'05.mp4');
INSERT INTO `episode` VALUES (178,'The Fifties Show',1,8,'06.mp4');
INSERT INTO `episode` VALUES (179,'The Getaway, Almost',1,8,'07.mp4');
INSERT INTO `episode` VALUES (180,'The Last Thursday in November',1,8,'08.mp4');
INSERT INTO `episode` VALUES (181,'Of Mice and Dan',1,8,'09.mp4');
INSERT INTO `episode` VALUES (182,'Direct to Video',1,8,'10.mp4');
INSERT INTO `episode` VALUES (183,'December Bride',1,8,'11.mp4');
INSERT INTO `episode` VALUES (184,'The Thrilla Near the Vanilla Extract',1,8,'12.mp4');
INSERT INTO `episode` VALUES (185,'The White Sheep of the Family',1,8,'13.mp4');
INSERT INTO `episode` VALUES (186,'Becky Howser, M.D.',1,8,'14.mp4');
INSERT INTO `episode` VALUES (187,'Out of the Past',1,8,'15.mp4');
INSERT INTO `episode` VALUES (188,'Construction Junction',1,8,'16.mp4');
INSERT INTO `episode` VALUES (189,'We\'re Going to Disney World',1,8,'17.mp4');
INSERT INTO `episode` VALUES (190,'Disney World War II',1,8,'18.mp4');
INSERT INTO `episode` VALUES (191,'Springtime for David',1,8,'19.mp4');
INSERT INTO `episode` VALUES (192,'Another Mouth to Shut Up',1,8,'20.mp4');
INSERT INTO `episode` VALUES (193,'Morning Become Obnoxious',1,8,'21.mp4');
INSERT INTO `episode` VALUES (194,'Ballroom Blitz',1,8,'22.mp4');
INSERT INTO `episode` VALUES (195,'The Wedding',1,8,'23.mp4');
INSERT INTO `episode` VALUES (196,'Heart & Soul',1,8,'24.mp4');
INSERT INTO `episode` VALUES (197,'Fights and Stuff',1,8,'25.mp4');
/*ROSEANNE SEASON NINE*/
INSERT INTO `episode` VALUES (198,'Call Waiting',1,9,'01.mp4');
INSERT INTO `episode` VALUES (199,'Millions from Heaven',1,9,'02.mp4');
INSERT INTO `episode` VALUES (200,'What a Day for a Daydream',1,9,'03.mp4');
INSERT INTO `episode` VALUES (201,'Honor Thy Mother',1,9,'04.mp4');
INSERT INTO `episode` VALUES (202,'Someday My Prince Will Come',1,9,'05.mp4');
INSERT INTO `episode` VALUES (203,'Pampered to a Pulp',1,9,'06.mp4');
INSERT INTO `episode` VALUES (204,'Satan, Darling',1,9,'07.mp4');
INSERT INTO `episode` VALUES (205,'Hoi Polloi Meets Hoiti Toiti',1,9,'08.mp4');
INSERT INTO `episode` VALUES (206,'Roseambo',1,9,'09.mp4');
INSERT INTO `episode` VALUES (207,'Home is Where the Afghan Is',1,9,'10.mp4');
INSERT INTO `episode` VALUES (208,'Mothers and Other Strangers',1,9,'11.mp4');
INSERT INTO `episode` VALUES (209,'Home for the Holidays',1,9,'12.mp4');
INSERT INTO `episode` VALUES (210,'Say It Ain\'t So',1,9,'13.mp4');
INSERT INTO `episode` VALUES (211,'Hit the Road, Jack',1,9,'14.mp4');
INSERT INTO `episode` VALUES (212,'The War Room',1,9,'15.mp4');
INSERT INTO `episode` VALUES (213,'Lanford\'s Elite',1,9,'16.mp4');
INSERT INTO `episode` VALUES (214,'Some Echanted Merger',1,9,'17.mp4');
INSERT INTO `episode` VALUES (215,'A Second Chance',1,9,'18.mp4');
INSERT INTO `episode` VALUES (216,'The Miracle',1,9,'19.mp4');
INSERT INTO `episode` VALUES (217,'Roseanne-Feld',1,9,'20.mp4');
INSERT INTO `episode` VALUES (218,'The Truth Be Told',1,9,'21.mp4');
INSERT INTO `episode` VALUES (219,'Arsenic and Old Mom',1,9,'22.mp4');
INSERT INTO `episode` VALUES (220,'Into The Good Night: Part 1',1,9,'23.mp4');
INSERT INTO `episode` VALUES (677,'Into The Good Night: Part 2',1,9,'24.mp4');
/*STRANGERS WITH CANDY SEASON ONE*/
INSERT INTO `episode` VALUES (221,'Old Habits, New Beginnings',4,1,'01.mp4');
INSERT INTO `episode` VALUES (222,'A Burden\'s Burden',4,1,'02.mp4');
INSERT INTO `episode` VALUES (223,'Dreams on the Rocks',4,1,'03.mp4');
INSERT INTO `episode` VALUES (224,'Who Wants Cake?',4,1,'04.mp4');
INSERT INTO `episode` VALUES (225,'Bogie Nights',4,1,'05.mp4');
INSERT INTO `episode` VALUES (226,'Let Freedom Ring',4,1,'06.mp4');
INSERT INTO `episode` VALUES (227,'Feather in the Storm',4,1,'07.mp4');
INSERT INTO `episode` VALUES (228,'To Be Young, Gifted, and Blank',4,1,'08.mp4');
INSERT INTO `episode` VALUES (229,'Jerri is Only Skin Deep',4,1,'09.mp4');
INSERT INTO `episode` VALUES (230,'The Trip Back',4,1,'10.mp4');
/*STRANGERS WITH CANDY SEASON TWO*/
INSERT INTO `episode` VALUES (231,'Yes, You Can\'t',4,2,'01.mp4');
INSERT INTO `episode` VALUES (232,'Behind Blank Eyes',4,2,'02.mp4');
INSERT INTO `episode` VALUES (233,'The Virgin Jerri',4,2,'03.mp4');
INSERT INTO `episode` VALUES (234,'The Goodbye Guy',4,2,'04.mp4');
INSERT INTO `episode` VALUES (235,'Hit and Run',4,2,'05.mp4');
INSERT INTO `episode` VALUES (236,'The Blank Page',4,2,'06.mp4');
INSERT INTO `episode` VALUES (237,'To Love, Honor, and Pretend',4,2,'07.mp4');
INSERT INTO `episode` VALUES (238,'Blank Stare: Part 1',4,2,'08.mp4');
INSERT INTO `episode` VALUES (239,'Blank Stare: Part 2',4,2,'09.mp4');
INSERT INTO `episode` VALUES (240,'A Price Too High for Riches',4,2,'10.mp4');
/*STRANGERS WITH CANDY SEASON THREE*/
INSERT INTO `episode` VALUES (241,'Jerri\'s Burning Issue',4,3,'01.mp4');
INSERT INTO `episode` VALUES (242,'Is Freedom Free?',4,3,'02.mp4');
INSERT INTO `episode` VALUES (243,'Trail of Tears',4,3,'03.mp4');
INSERT INTO `episode` VALUES (244,'Is My Daddy Crazy?',4,3,'04.mp4');
INSERT INTO `episode` VALUES (245,'Blank Relay',4,3,'05.mp4');
INSERT INTO `episode` VALUES (246,'Invisible Love',4,3,'06.mp4');
INSERT INTO `episode` VALUES (247,'Ask Jerri',4,3,'07.mp4');
INSERT INTO `episode` VALUES (248,'There Once Was a Blank from Nantucket',4,3,'08.mp4');
INSERT INTO `episode` VALUES (249,'Bully',4,3,'09.mp4');
INSERT INTO `episode` VALUES (250,'The Last Temptation of Blank',4,3,'10.mp4');
/*THE GOLDEN GIRLS SEASON ONE*/
INSERT INTO `episode` VALUES (251,'The Engagement',3,1,'01.mp4');
INSERT INTO `episode` VALUES (252,'Guess Who\'s Coming to the Wedding?',3,1,'02.mp4');
INSERT INTO `episode` VALUES (253,'Rose the Prude',3,1,'03.mp4');
INSERT INTO `episode` VALUES (254,'Transplant',3,1,'04.mp4');
INSERT INTO `episode` VALUES (255,'The Triangle',3,1,'05.mp4');
INSERT INTO `episode` VALUES (256,'On Golden Girls',3,1,'06.mp4');
INSERT INTO `episode` VALUES (257,'The Competition',3,1,'07.mp4');
INSERT INTO `episode` VALUES (258,'Break-In',3,1,'08.mp4');
INSERT INTO `episode` VALUES (259,'Blanche and The Younger Man',3,1,'09.mp4');
INSERT INTO `episode` VALUES (260,'The Heart Attack',3,1,'10.mp4');
INSERT INTO `episode` VALUES (261,'The Return of Dorothy\'s Ex/Stan\'s Return',3,1,'11.mp4');
INSERT INTO `episode` VALUES (262,'The Custody Battle',3,1,'12.mp4');
INSERT INTO `episode` VALUES (263,'A Little Romance',3,1,'13.mp4');
INSERT INTO `episode` VALUES (264,'That Was No Lady',3,1,'14.mp4');
INSERT INTO `episode` VALUES (265,'In a Bed of Rose\'s',3,1,'15.mp4');
INSERT INTO `episode` VALUES (266,'The Truth Will Out/The Will',3,1,'16.mp4');
INSERT INTO `episode` VALUES (267,'Nice and Easy',3,1,'17.mp4');
INSERT INTO `episode` VALUES (268,'The Operation',3,1,'18.mp4');
INSERT INTO `episode` VALUES (269,'Second Motherhood',3,1,'19.mp4');
INSERT INTO `episode` VALUES (270,'Adult Education',3,1,'20.mp4');
INSERT INTO `episode` VALUES (271,'Flu Attack/The Flu',3,1,'21.mp4');
INSERT INTO `episode` VALUES (272,'Job Hunting',3,1,'22.mp4');
INSERT INTO `episode` VALUES (273,'Blind Ambitions',3,1,'23.mp4');
INSERT INTO `episode` VALUES (274,'Big Daddy',3,1,'24.mp4');
INSERT INTO `episode` VALUES (275,'The Way We Met',3,1,'25.mp4');
/*GOLDEN GIRLS SEASON TWO*/
INSERT INTO `episode` VALUES (276,'End of the Curse',3,2,'01.mp4');
INSERT INTO `episode` VALUES (277,'Ladies of the Evening',3,2,'02.mp4');
INSERT INTO `episode` VALUES (278,'Take Him, He\'s Mine',3,2,'03.mp4');
INSERT INTO `episode` VALUES (279,'It\'s a Miserable Life',3,2,'04.mp4');
INSERT INTO `episode` VALUES (280,'Isn\'t It Romantic?',3,2,'05.mp4');
INSERT INTO `episode` VALUES (281,'Big Daddy\'s Little Lady',3,2,'06.mp4');
INSERT INTO `episode` VALUES (282,'Family Affair',3,2,'07.mp4');
INSERT INTO `episode` VALUES (283,'Vacation',3,2,'08.mp4');
INSERT INTO `episode` VALUES (284,'Joust Between Friends',3,2,'09.mp4');
INSERT INTO `episode` VALUES (285,'Love, Rose',3,2,'10.mp4');
INSERT INTO `episode` VALUES (286,'\'Twas the Nightmare Before Christmas',3,2,'11.mp4');
INSERT INTO `episode` VALUES (287,'The Sisters',3,2,'12.mp4');
INSERT INTO `episode` VALUES (288,'The Stan Who Came to Dinner',3,2,'13.mp4');
INSERT INTO `episode` VALUES (289,'The Action',3,2,'14.mp4');
INSERT INTO `episode` VALUES (290,'Before and After',3,2,'15.mp4');
INSERT INTO `episode` VALUES (291,'And Then There Was One',3,2,'16.mp4');
INSERT INTO `episode` VALUES (292,'Bedtime Story',3,2,'17.mp4');
INSERT INTO `episode` VALUES (293,'Forgive Me, Father',3,2,'18.mp4');
INSERT INTO `episode` VALUES (294,'Long Day\'s Journey into Marinara',3,2,'19.mp4');
INSERT INTO `episode` VALUES (295,'Whose Face Is This, Anyway?',3,2,'20.mp4');
INSERT INTO `episode` VALUES (296,'Dorothy\'s Prized Pupil',3,2,'21.mp4');
INSERT INTO `episode` VALUES (297,'Diamond in the Rough',3,2,'22.mp4');
INSERT INTO `episode` VALUES (298,'Son-in-Law Dearest',3,2,'23.mp4');
INSERT INTO `episode` VALUES (299,'To Catch a Neighbor',3,2,'24.mp4');
INSERT INTO `episode` VALUES (300,'A Piece of Cake',3,2,'25.mp4');
INSERT INTO `episode` VALUES (301,'Empty Nests',3,2,'26.mp4');
/*GOLDEN GIRLS SEASON THREE*/
INSERT INTO `episode` VALUES (302,'Old Friends',3,3,'01.mp4');
INSERT INTO `episode` VALUES (303,'One for the Money',3,3,'02.mp4');
INSERT INTO `episode` VALUES (304,'Bringing Up Baby',3,3,'03.mp4');
INSERT INTO `episode` VALUES (305,'The Housekeeper',3,3,'04.mp4');
INSERT INTO `episode` VALUES (306,'Nothing to Fear But Fear Itself',3,3,'05.mp4');
INSERT INTO `episode` VALUES (307,'Letter to Gorbachev',3,3,'06.mp4');
INSERT INTO `episode` VALUES (308,'Strange Bedfellows',3,3,'07.mp4');
INSERT INTO `episode` VALUES (309,'Brotherly Love',3,3,'08.mp4');
INSERT INTO `episode` VALUES (310,'A Visit from Little Sven',3,3,'09.mp4');
INSERT INTO `episode` VALUES (311,'The Audit',3,3,'10.mp4');
INSERT INTO `episode` VALUES (312,'Three on a Couch',3,3,'11.mp4');
INSERT INTO `episode` VALUES (313,'Charlie\'s Buddy',3,3,'12.mp4');
INSERT INTO `episode` VALUES (314,'The Artist',3,3,'13.mp4');
INSERT INTO `episode` VALUES (315,'Blanche\'s Little Girl',3,3,'14.mp4');
INSERT INTO `episode` VALUES (316,'Dorothy\'s New Friend',3,3,'15.mp4');
INSERT INTO `episode` VALUES (317,'Grab That Dough',3,3,'16.mp4');
INSERT INTO `episode` VALUES (318,'My Brother, My Father',3,3,'17.mp4');
INSERT INTO `episode` VALUES (319,'Golden Moments',3,3,'18.mp4');
INSERT INTO `episode` VALUES (320,'And Ma Makes Three',3,3,'19.mp4');
INSERT INTO `episode` VALUES (321,'Larceny and Old Lace',3,3,'20.mp4');
INSERT INTO `episode` VALUES (322,'Rose\'s Big Adventure',3,3,'21.mp4');
INSERT INTO `episode` VALUES (323,'Mixed Blessings',3,3,'22.mp4');
INSERT INTO `episode` VALUES (324,'Mister Terrific',3,3,'23.mp4');
INSERT INTO `episode` VALUES (325,'Mother\'s Day',3,3,'24.mp4');
/*GOLDEN GIRLS SEASON FOUR*/
INSERT INTO `episode` VALUES (326,'Yes, We Have No Havanas',3,4,'01.mp4');
INSERT INTO `episode` VALUES (327,'The Days and Nights of Sophia Petrillo',3,4,'02.mp4');
INSERT INTO `episode` VALUES (328,'The One That Got Away',3,4,'03.mp4');
INSERT INTO `episode` VALUES (329,'Yokel Hero',3,4,'04.mp4');
INSERT INTO `episode` VALUES (330,'Bang the Drum, Stanley',3,4,'05.mp4');
INSERT INTO `episode` VALUES (331,'Sophia\'s Wedding: Part 1/2',3,4,'06.mp4');
INSERT INTO `episode` VALUES (332,'Brother, Can You Spare That Jacket?',3,4,'07.mp4');
INSERT INTO `episode` VALUES (333,'Scared Straight',3,4,'08.mp4');
INSERT INTO `episode` VALUES (334,'Stan Takes a Wife',3,4,'09.mp4');
INSERT INTO `episode` VALUES (335,'The Auction',3,4,'10.mp4');
INSERT INTO `episode` VALUES (336,'Blind Date',3,4,'11.mp4');
INSERT INTO `episode` VALUES (337,'The Impotence of Being Ernest',3,4,'12.mp4');
INSERT INTO `episode` VALUES (338,'Love Me Tender',3,4,'13.mp4');
INSERT INTO `episode` VALUES (339,'Valentine\'s Day',3,4,'14.mp4');
INSERT INTO `episode` VALUES (340,'Two Rode Together',3,4,'15.mp4');
INSERT INTO `episode` VALUES (341,'You Gotta Have Hope',3,4,'16.mp4');
INSERT INTO `episode` VALUES (342,'Fiddler of the Ropes',3,4,'17.mp4');
INSERT INTO `episode` VALUES (343,'Till Death Do We Volley',3,4,'18.mp4');
INSERT INTO `episode` VALUES (344,'High Anxiety',3,4,'19.mp4');
INSERT INTO `episode` VALUES (345,'Little Sister',3,4,'20.mp4');
INSERT INTO `episode` VALUES (346,'Sophia\'s Choice',3,4,'21.mp4');
INSERT INTO `episode` VALUES (347,'Rites of Spring',3,4,'22.mp4');
INSERT INTO `episode` VALUES (348,'Foreign Exchange',3,4,'23.mp4');
INSERT INTO `episode` VALUES (349,'We\'re Outta Here',3,4,'24.mp4');
/*GOLDEN GIRLS SEASON FIVE*/
INSERT INTO `episode` VALUES (350,'Sick and Tired: Part 1',3,5,'01.mp4');
INSERT INTO `episode` VALUES (351,'Sick and Tired: Part 2',3,5,'02.mp4');
INSERT INTO `episode` VALUES (352,'The Accurate Conception',3,5,'03.mp4');
INSERT INTO `episode` VALUES (353,'Rose Fights Back',3,5,'04.mp4');
INSERT INTO `episode` VALUES (354,'Love Under the Big Top',3,5,'05.mp4');
INSERT INTO `episode` VALUES (355,'Dancing in the Dark',3,5,'06.mp4');
INSERT INTO `episode` VALUES (356,'Not Another Monday',3,5,'07.mp4');
INSERT INTO `episode` VALUES (357,'That Old Feeling',3,5,'08.mp4');
INSERT INTO `episode` VALUES (358,'Comedy of Errors',3,5,'09.mp4');
INSERT INTO `episode` VALUES (359,'All That Jazz',3,5,'10.mp4');
INSERT INTO `episode` VALUES (360,'Ebb Tide',3,5,'11.mp4');
INSERT INTO `episode` VALUES (361,'Have Yourself a Very Little Christmas',3,5,'12.mp4');
INSERT INTO `episode` VALUES (362,'Mary Has a Little Lamb',3,5,'13.mp4');
INSERT INTO `episode` VALUES (363,'Great Expectations',3,5,'14.mp4');
INSERT INTO `episode` VALUES (364,'Triple Play',3,5,'15.mp4');
INSERT INTO `episode` VALUES (365,'Clinton Avenue Memoirs',3,5,'16.mp4');
INSERT INTO `episode` VALUES (366,'Like the Beep Beep Beep of the Tom-Tom',3,5,'17.mp4');
INSERT INTO `episode` VALUES (367,'An Illegitimate Concern',3,5,'18.mp4');
INSERT INTO `episode` VALUES (368,'72 Hours',3,5,'19.mp4');
INSERT INTO `episode` VALUES (369,'Twice in a Lifetime',3,5,'20.mp4');
INSERT INTO `episode` VALUES (370,'Sisters and Other Strangers',3,5,'21.mp4');
INSERT INTO `episode` VALUES (371,'Cheaters',3,5,'22.mp4');
INSERT INTO `episode` VALUES (372,'The Mangiacavallo Curse Makes a Lousy Wedding Present to Us',3,5,'23.mp4');
INSERT INTO `episode` VALUES (373,'All Bets Off',3,5,'24.mp4');
INSERT INTO `episode` VALUES (374,'The President\'s Coming! The President\'s Coming!',3,5,'25.mp4');
/*GOLDEN GIRLS SEASON SIX*/
INSERT INTO `episode` VALUES (375,'Blanche Delivers',3,6,'01.mp4');
INSERT INTO `episode` VALUES (376,'Once, in St. Olaf',3,6,'02.mp4');
INSERT INTO `episode` VALUES (377,'If at Last You Do Succeed',3,6,'03.mp4');
INSERT INTO `episode` VALUES (378,'Snap Out of It',3,6,'04.mp4');
INSERT INTO `episode` VALUES (379,'Wham, Bam, Thank You, Mammy',3,6,'05.mp4');
INSERT INTO `episode` VALUES (380,'Feelings',3,6,'06.mp4');
INSERT INTO `episode` VALUES (381,'Zborn Again',3,6,'07.mp4');
INSERT INTO `episode` VALUES (382,'How Do You Solve a Problem Like Sophia?',3,6,'08.mp4');
INSERT INTO `episode` VALUES (383,'Mrs. George Devereaux',3,6,'09.mp4');
INSERT INTO `episode` VALUES (384,'Girls Just Wanna have Fun...Before They Die',3,6,'10.mp4');
INSERT INTO `episode` VALUES (385,'Stand by Your Man',3,6,'11.mp4');
INSERT INTO `episode` VALUES (386,'Ebbtide\'s Revenge',3,6,'12.mp4');
INSERT INTO `episode` VALUES (387,'The Bloom Is Off the Rose',3,6,'13.mp4');
INSERT INTO `episode` VALUES (388,'Sister of the Bride',3,6,'14.mp4');
INSERT INTO `episode` VALUES (389,'Miles to Go',3,6,'15.mp4');
INSERT INTO `episode` VALUES (390,'There Goes the Bride: Part 1',3,6,'16.mp4');
INSERT INTO `episode` VALUES (391,'There Goes the Bride: Part 2',3,6,'17.mp4');
INSERT INTO `episode` VALUES (392,'Older and Wiser',3,6,'18.mp4');
INSERT INTO `episode` VALUES (393,'Melodrama',3,6,'19.mp4');
INSERT INTO `episode` VALUES (394,'Even Grandmas Get the Blues',3,6,'20.mp4');
INSERT INTO `episode` VALUES (395,'Witness',3,6,'21.mp4');
INSERT INTO `episode` VALUES (396,'What Difference a Date Makes',3,6,'22.mp4');
INSERT INTO `episode` VALUES (397,'Love for Sale',3,6,'23.mp4');
INSERT INTO `episode` VALUES (398,'Never Yell Fire in a Crowded Retirement Home: Part 1/2',3,6,'24.mp4');
INSERT INTO `episode` VALUES (399,'Henny Penny-Straight, No Chaser',3,6,'25.mp4');
/*GOLDEN GIRLS SEASON SEVEN*/
INSERT INTO `episode` VALUES (400,'Hey, Look Me Over',3,7,'01.mp4');
INSERT INTO `episode` VALUES (401,'The Case of the Libertine Belle',3,7,'02.mp4');
INSERT INTO `episode` VALUES (402,'Beauty and the Beast',3,7,'03.mp4');
INSERT INTO `episode` VALUES (403,'That\'s for Me to Know',3,7,'04.mp4');
INSERT INTO `episode` VALUES (404,'Where\'s Charlie',3,7,'05.mp4');
INSERT INTO `episode` VALUES (405,'Mother Load',3,7,'06.mp4');
INSERT INTO `episode` VALUES (406,'Dateline: Miami',3,7,'07.mp4');
INSERT INTO `episode` VALUES (407,'The Monkey Show',3,7,'08.mp4');
INSERT INTO `episode` VALUES (408,'Ro$e Love$ Mile$',3,7,'09.mp4');
INSERT INTO `episode` VALUES (409,'Room 7',3,7,'10.mp4');
INSERT INTO `episode` VALUES (410,'From Here to Pharmacy',3,7,'11.mp4');
INSERT INTO `episode` VALUES (411,'The Pope\'s Ring',3,7,'12.mp4');
INSERT INTO `episode` VALUES (412,'Old Boyfriends',3,7,'13.mp4');
INSERT INTO `episode` VALUES (413,'Goodbye, Mr. Gordon',3,7,'14.mp4');
INSERT INTO `episode` VALUES (414,'The Commitments',3,7,'15.mp4');
INSERT INTO `episode` VALUES (415,'Questions and Answers',3,7,'16.mp4');
INSERT INTO `episode` VALUES (416,'Ebbtide VI: the Wrath of Stan',3,7,'17.mp4');
INSERT INTO `episode` VALUES (417,'Journey to the Center of Attention',3,7,'18.mp4');
INSERT INTO `episode` VALUES (418,'A Midwinter Night\'s Dream',3,7,'19.mp4');
INSERT INTO `episode` VALUES (419,'Rose: Portrait of a Woman',3,7,'20.mp4');
INSERT INTO `episode` VALUES (420,'Home Again, Rose: Part 1',3,7,'21.mp4');
INSERT INTO `episode` VALUES (421,'Home Again, Rose: Part 2',3,7,'22.mp4');
INSERT INTO `episode` VALUES (422,'One Flew Out of the Cuckoo\'s Nest',3,7,'23.mp4');
/*BEWITCHED SEASON ONE*/
INSERT INTO `episode` VALUES (423,'I Darrin, Take This Witch, Samantha',2,1,'01.mp4');
INSERT INTO `episode` VALUES (424,'Be It Ever So Mortgaged',2,1,'02.mp4');
INSERT INTO `episode` VALUES (425,'Mother, Meet What\'s His Name?',2,1,'03.mp4');
INSERT INTO `episode` VALUES (426,'It Shouldn\'t Happen to a Dog',2,1,'04.mp4');
INSERT INTO `episode` VALUES (427,'Help, Help, Don\'t Save Me',2,1,'05.mp4');
INSERT INTO `episode` VALUES (428,'Little Pitchers Have Big Fears',2,1,'06.mp4');
INSERT INTO `episode` VALUES (429,'The Witches Are Out',2,1,'07.mp4');
INSERT INTO `episode` VALUES (430,'The Girl Reporter',2,1,'08.mp4');
INSERT INTO `episode` VALUES (431,'Witch or Wife',2,1,'09.mp4');
INSERT INTO `episode` VALUES (432,'Just One of the Family',2,1,'10.mp4');
INSERT INTO `episode` VALUES (433,'It Takes One to Know One',2,1,'11.mp4');
INSERT INTO `episode` VALUES (434,'...And Something Makes Three',2,1,'12.mp4');
INSERT INTO `episode` VALUES (435,'Love is Blind',2,1,'13.mp4');
INSERT INTO `episode` VALUES (436,'Samantha Meets the Folks',2,1,'14.mp4');
INSERT INTO `episode` VALUES (437,'A Vision of Sugar Plums',2,1,'15.mp4');
INSERT INTO `episode` VALUES (438,'It\'s Magic',2,1,'16.mp4');
INSERT INTO `episode` VALUES (439,'A is for Aardvark',2,1,'17.mp4');
INSERT INTO `episode` VALUES (440,'The Cat\'s Meow',2,1,'18.mp4');
INSERT INTO `episode` VALUES (441,'A Nice Little Dinner Party',2,1,'19.mp4');
INSERT INTO `episode` VALUES (442,'Your Witch is Showing',2,1,'20.mp4');
INSERT INTO `episode` VALUES (443,'Ling Ling',2,1,'21.mp4');
INSERT INTO `episode` VALUES (444,'Eye of the Beholder',2,1,'22.mp4');
INSERT INTO `episode` VALUES (445,'Red Light, Green Light',2,1,'23.mp4');
INSERT INTO `episode` VALUES (446,'Which Witch is Which?',2,1,'24.mp4');
INSERT INTO `episode` VALUES (447,'Pleasure O\'Riley',2,1,'25.mp4');
INSERT INTO `episode` VALUES (448,'Driving is the Only Way to Fly',2,1,'26.mp4');
INSERT INTO `episode` VALUES (449,'There\'s No Witch Like an Old Witch',2,1,'27.mp4');
INSERT INTO `episode` VALUES (450,'Open the Door, Witchcraft',2,1,'28.mp4');
INSERT INTO `episode` VALUES (451,'Adner Kadabra',2,1,'29.mp4');
INSERT INTO `episode` VALUES (452,'George the Warlock',2,1,'30.mp4');
INSERT INTO `episode` VALUES (453,'That Was My Wife',2,1,'31.mp4');
INSERT INTO `episode` VALUES (454,'Illegal Separation',2,1,'32.mp4');
INSERT INTO `episode` VALUES (455,'A Change of Face',2,1,'33.mp4');
INSERT INTO `episode` VALUES (456,'Remember the Main',2,1,'34.mp4');
INSERT INTO `episode` VALUES (457,'Eat at Mario\'s',2,1,'35.mp4');
INSERT INTO `episode` VALUES (458,'Cousin Edgar',2,1,'36.mp4');
/*BEWITCHED SEASON TWO*/
INSERT INTO `episode` VALUES (459,'Alias Darrin Stephens',2,2,'01.mp4');
INSERT INTO `episode` VALUES (460,'A Very Special Delivery',2,2,'02.mp4');
INSERT INTO `episode` VALUES (461,'We\'re in for a Bad Spell',2,2,'03.mp4');
INSERT INTO `episode` VALUES (462,'My Grandson, the Warlock',2,2,'04.mp4');
INSERT INTO `episode` VALUES (463,'The Joker is a Card',2,2,'05.mp4');
INSERT INTO `episode` VALUES (464,'Take Two Aspirins and Half a Pint of Porpoise Milk',2,2,'06.mp4');
INSERT INTO `episode` VALUES (465,'Trick or Treat',2,2,'07.mp4');
INSERT INTO `episode` VALUES (466,'The Very Informal Dress',2,2,'08.mp4');
INSERT INTO `episode` VALUES (467,'And Then I Wrote',2,2,'09.mp4');
INSERT INTO `episode` VALUES (468,'Junior Executive',2,2,'10.mp4');
INSERT INTO `episode` VALUES (469,'Aunt Clara\'s Old Flame',2,2,'11.mp4');
INSERT INTO `episode` VALUES (470,'A Strange Little Visitor',2,2,'12.mp4');
INSERT INTO `episode` VALUES (471,'My Boss the Teddy Bear',2,2,'13.mp4');
INSERT INTO `episode` VALUES (472,'Speak the Truth',2,2,'14.mp4');
INSERT INTO `episode` VALUES (473,'A Vision of Sugarplums',2,2,'15.mp4');
INSERT INTO `episode` VALUES (474,'The Magic Cabin',2,2,'16.mp4');
INSERT INTO `episode` VALUES (475,'Maid to Order',2,2,'17.mp4');
INSERT INTO `episode` VALUES (476,'And Then There Were Three',2,2,'18.mp4');
INSERT INTO `episode` VALUES (477,'My Baby the Tycoon',2,2,'19.mp4');
INSERT INTO `episode` VALUES (478,'Samantha Meets the Folks',2,2,'20.mp4');
INSERT INTO `episode` VALUES (479,'Fastest Gun on Madison Avenue',2,2,'21.mp4');
INSERT INTO `episode` VALUES (480,'The Dancing Bear',2,2,'22.mp4');
INSERT INTO `episode` VALUES (481,'Double Tate',2,2,'23.mp4');
INSERT INTO `episode` VALUES (482,'Samantha the Dressmaker',2,2,'24.mp4');
INSERT INTO `episode` VALUES (483,'The Horse\'s Mouth',2,2,'25.mp4');
INSERT INTO `episode` VALUES (484,'Baby\'s First Paragraph',2,2,'26.mp4');
INSERT INTO `episode` VALUES (485,'The Leprechaun',2,2,'27.mp4');
INSERT INTO `episode` VALUES (486,'Double Split',2,2,'28.mp4');
INSERT INTO `episode` VALUES (487,'Disappearing Samantha',2,2,'29.mp4');
INSERT INTO `episode` VALUES (488,'Follow that Witch: Part 1',2,2,'30.mp4');
INSERT INTO `episode` VALUES (489,'Follow that Witch: Part 2',2,2,'31.mp4');
INSERT INTO `episode` VALUES (490,'A Burn Raps',2,2,'32.mp4');
INSERT INTO `episode` VALUES (491,'Divided He Falls',2,2,'33.mp4');
INSERT INTO `episode` VALUES (492,'Man\'s Best Friend',2,2,'34.mp4');
INSERT INTO `episode` VALUES (493,'The Catnapper',2,2,'35.mp4');
INSERT INTO `episode` VALUES (494,'What Every Young Man Should Know',2,2,'36.mp4');
INSERT INTO `episode` VALUES (495,'The Girl with the Golden Nose',2,2,'37.mp4');
INSERT INTO `episode` VALUES (496,'Prodigy',2,2,'38.mp4');
/*BEWITCHED SEASON THREE*/
INSERT INTO `episode` VALUES (497,'Nobody\'s Perfect',2,3,'01.mp4');
INSERT INTO `episode` VALUES (498,'The Moment of Truth',2,3,'02.mp4');
INSERT INTO `episode` VALUES (499,'Witches and Warlocks are My Favorite Things',2,3,'03.mp4');
INSERT INTO `episode` VALUES (500,'Accidental Twins',2,3,'04.mp4');
INSERT INTO `episode` VALUES (501,'A Most Unusual Wood Nymph',2,3,'05.mp4');
INSERT INTO `episode` VALUES (502,'Endora Moves in For a Spell',2,3,'06.mp4');
INSERT INTO `episode` VALUES (503,'Twitch or Treat',2,3,'07.mp4');
INSERT INTO `episode` VALUES (504,'Dangerous Diaper Dan',2,3,'08.mp4');
INSERT INTO `episode` VALUES (505,'The Short, Happy Circuit of Aunt Clara',2,3,'09.mp4');
INSERT INTO `episode` VALUES (506,'I\'d Rather Twitch Than Fight',2,3,'10.mp4');
INSERT INTO `episode` VALUES (507,'Oedipus Hex',2,3,'11.mp4');
INSERT INTO `episode` VALUES (508,'Sam\'s Spooky Chair',2,3,'12.mp4');
INSERT INTO `episode` VALUES (509,'My Friend Ben',2,3,'13.mp4');
INSERT INTO `episode` VALUES (510,'Samantha for the Defense',2,3,'14.mp4');
INSERT INTO `episode` VALUES (511,'A Gazebo Never Forgets',2,3,'15.mp4');
INSERT INTO `episode` VALUES (512,'Soapbox Derby',2,3,'16.mp4');
INSERT INTO `episode` VALUES (513,'Sam in the Moon',2,3,'17.mp4');
INSERT INTO `episode` VALUES (514,'Ho Ho, the Clown',2,3,'18.mp4');
INSERT INTO `episode` VALUES (515,'Super Car',2,3,'19.mp4');
INSERT INTO `episode` VALUES (516,'The Corn is as High as a Guernsey\'s Eye',2,3,'20.mp4');
INSERT INTO `episode` VALUES (517,'The Trial and Error of Aunt Clara',2,3,'21.mp4');
INSERT INTO `episode` VALUES (518,'Three Wishes',2,3,'22.mp4');
INSERT INTO `episode` VALUES (519,'I Remember You...Sometimes',2,3,'23.mp4');
INSERT INTO `episode` VALUES (520,'Art for Sam\'s Sake',2,3,'24.mp4');
INSERT INTO `episode` VALUES (521,'Charlie Harper, Winner',2,3,'25.mp4');
INSERT INTO `episode` VALUES (522,'Aunt Clara\'s Victoria Victory',2,3,'26.mp4');
INSERT INTO `episode` VALUES (523,'The Crone of Cawdor',2,3,'27.mp4');
INSERT INTO `episode` VALUES (524,'No More Mr. Nice Guy',2,3,'28.mp4');
INSERT INTO `episode` VALUES (525,'It\'s Wishcraft',2,3,'29.mp4');
INSERT INTO `episode` VALUES (526,'How to Fail in Business With All Kinds of Help',2,3,'30.mp4');
INSERT INTO `episode` VALUES (527,'Bewitched, Bothered and Infuriated',2,3,'31.mp4');
INSERT INTO `episode` VALUES (528,'Nobody But a Frog Knows How to Live',2,3,'32.mp4');
INSERT INTO `episode` VALUES (529,'There\'s Gold in Them Thar Pills',2,3,'33.mp4');
/*BEWITCHED SEASON FOUR*/
INSERT INTO `episode` VALUES (530,'Long Live the Queen',2,4,'01.mp4');
INSERT INTO `episode` VALUES (531,'Toys in Babeland',2,4,'02.mp4');
INSERT INTO `episode` VALUES (532,'Business, Italian Style',2,4,'03.mp4');
INSERT INTO `episode` VALUES (533,'Double, Double, Toil and Trouble',2,4,'04.mp4');
INSERT INTO `episode` VALUES (534,'Cheap, Cheap',2,4,'05.mp4');
INSERT INTO `episode` VALUES (535,'No Zip in My Zap',2,4,'06.mp4');
INSERT INTO `episode` VALUES (536,'Birdies, Bogies, and Baxter',2,4,'07.mp4');
INSERT INTO `episode` VALUES (537,'The Safe and Sane Halloween',2,4,'08.mp4');
INSERT INTO `episode` VALUES (538,'Out of Sync, Out of Mind',2,4,'09.mp4');
INSERT INTO `episode` VALUES (539,'That Was No Chick, That Was My Wife',2,4,'10.mp4');
INSERT INTO `episode` VALUES (540,'Allergic to Macedonian Dodo Birds',2,4,'11.mp4');
INSERT INTO `episode` VALUES (541,'Samantha\'s Thanksgiving to Remember',2,4,'12.mp4');
INSERT INTO `episode` VALUES (542,'Solid Gold Mother-in-Law',2,4,'13.mp4');
INSERT INTO `episode` VALUES (543,'My, What Big Ears You Have',2,4,'14.mp4');
INSERT INTO `episode` VALUES (544,'I Get Your Nanny, You Get My Goat',2,4,'15.mp4');
INSERT INTO `episode` VALUES (545,'Humbug Not to Be Spoken Here',2,4,'16.mp4');
INSERT INTO `episode` VALUES (546,'Samantha\'s Da Vinci Dilemma',2,4,'17.mp4');
INSERT INTO `episode` VALUES (547,'Once in a Vial',2,4,'18.mp4');
INSERT INTO `episode` VALUES (548,'Snob in the Grass (1)',2,4,'19.mp4');
INSERT INTO `episode` VALUES (549,'If They Never Met (2)',2,4,'20.mp4');
INSERT INTO `episode` VALUES (550,'Hippie, Hippie, Hooray',2,4,'21.mp4');
INSERT INTO `episode` VALUES (551,'A Prince of a Guy',2,4,'22.mp4');
INSERT INTO `episode` VALUES (552,'McTavish',2,4,'23.mp4');
INSERT INTO `episode` VALUES (553,'How Green Was My Grass',2,4,'24.mp4');
INSERT INTO `episode` VALUES (554,'To Twitch or Not to Twitch',2,4,'25.mp4');
INSERT INTO `episode` VALUES (555,'Playmates',2,4,'26.mp4');
INSERT INTO `episode` VALUES (556,'Tabitha\'s Cranky Spell',2,4,'27.mp4');
INSERT INTO `episode` VALUES (557,'I Confess',2,4,'28.mp4');
INSERT INTO `episode` VALUES (558,'A Majority of Two',2,4,'29.mp4');
INSERT INTO `episode` VALUES (559,'Samantha\'s Secret Saucer',2,4,'30.mp4');
INSERT INTO `episode` VALUES (560,'The No-Harm Charm',2,4,'31.mp4');
INSERT INTO `episode` VALUES (561,'Man of the Year',2,4,'32.mp4');
INSERT INTO `episode` VALUES (562,'Splitsville',2,4,'33.mp4');
/*BEWITCHED SEASON FIVE*/
INSERT INTO `episode` VALUES (563,'Samantha\'s Wedding Present',2,5,'01.mp4');
INSERT INTO `episode` VALUES (564,'Samantha Goes South for a Spell',2,5,'02.mp4');
INSERT INTO `episode` VALUES (565,'Samantha on the Keyboard',2,5,'03.mp4');
INSERT INTO `episode` VALUES (566,'Darrin, Gone and Forgotten',2,5,'04.mp4');
INSERT INTO `episode` VALUES (567,'It\'s So Nice to Have a Spouse Around the House',2,5,'05.mp4');
INSERT INTO `episode` VALUES (568,'Mirror, Mirror on the Wall',2,5,'06.mp4');
INSERT INTO `episode` VALUES (569,'Samantha\'s French Pastry',2,5,'07.mp4');
INSERT INTO `episode` VALUES (570,'Is it Magic or Imagination?',2,5,'08.mp4');
INSERT INTO `episode` VALUES (571,'Samantha Fights City Hall',2,5,'09.mp4');
INSERT INTO `episode` VALUES (572,'Samantha Loses Her Voice',2,5,'10.mp4');
INSERT INTO `episode` VALUES (573,'I Don\'t Want to Be a Toad, I Want to Be a Butterfly',2,5,'11.mp4');
INSERT INTO `episode` VALUES (574,'Weep No More My Willow',2,5,'12.mp4');
INSERT INTO `episode` VALUES (575,'Instant Courtesy',2,5,'13.mp4');
INSERT INTO `episode` VALUES (576,'Samantha\'s Super Maid',2,5,'14.mp4');
INSERT INTO `episode` VALUES (577,'Serena Strikes Again (1)',2,5,'15.mp4');
INSERT INTO `episode` VALUES (578,'Serena Strikes Again (2)',2,5,'16.mp4');
INSERT INTO `episode` VALUES (579,'One Touch of Midas',2,5,'17.mp4');
INSERT INTO `episode` VALUES (580,'Samantha the Bard',2,5,'18.mp4');
INSERT INTO `episode` VALUES (581,'Samantha the Sculptress',2,5,'19.mp4');
INSERT INTO `episode` VALUES (582,'Mrs. Stephens, Where are You?',2,5,'20.mp4');
INSERT INTO `episode` VALUES (583,'Marriage, Witches\' Style',2,5,'21.mp4');
INSERT INTO `episode` VALUES (584,'Going Ape',2,5,'22.mp4');
INSERT INTO `episode` VALUES (585,'Tabitha\'s Weekend',2,5,'23.mp4');
INSERT INTO `episode` VALUES (586,'The Battle of Burning Oak',2,5,'24.mp4');
INSERT INTO `episode` VALUES (587,'Samantha\'s Power Failure',2,5,'25.mp4');
INSERT INTO `episode` VALUES (588,'Samantha Twitches for UNICEF',2,5,'26.mp4');
INSERT INTO `episode` VALUES (589,'Daddy Does His Thing',2,5,'27.mp4');
INSERT INTO `episode` VALUES (590,'Samantha\'s Good News',2,5,'28.mp4');
INSERT INTO `episode` VALUES (591,'Samantha\'s Shopping Spree',2,5,'29.mp4');
INSERT INTO `episode` VALUES (592,'Samantha and Darrin in Mexico City',2,5,'30.mp4');
/*BEWITCHED SEASON SIX*/
INSERT INTO `episode` VALUES (593,'Samantha and the Beanstalk',2,6,'01.mp4');
INSERT INTO `episode` VALUES (594,'Samantha\'s Yoo-Hoo Maid',2,6,'02.mp4');
INSERT INTO `episode` VALUES (595,'Samantha\'s Caesar Salad',2,6,'03.mp4');
INSERT INTO `episode` VALUES (596,'Samantha\'s Curious Cravings',2,6,'04.mp4');
INSERT INTO `episode` VALUES (597,'...And Something Makes Four',2,6,'05.mp4');
INSERT INTO `episode` VALUES (598,'Naming Samantha\'s New Baby',2,6,'06.mp4');
INSERT INTO `episode` VALUES (599,'To Trick or Treat or Not to Trick or Treat',2,6,'07.mp4');
INSERT INTO `episode` VALUES (600,'A Bunny for Tabitha',2,6,'08.mp4');
INSERT INTO `episode` VALUES (601,'Samantha\'s Secret Spell',2,6,'09.mp4');
INSERT INTO `episode` VALUES (602,'Daddy Comes for a Visit (1)',2,6,'10.mp4');
INSERT INTO `episode` VALUES (603,'Darrin the Warlock (2)',2,6,'11.mp4');
INSERT INTO `episode` VALUES (604,'Sam\'s Double Mother Trouble',2,6,'12.mp4');
INSERT INTO `episode` VALUES (605,'You\'re So Agreeable',2,6,'13.mp4');
INSERT INTO `episode` VALUES (606,'Santa Comes to Visit and Stays and Stays',2,6,'14.mp4');
INSERT INTO `episode` VALUES (607,'Samantha\'s Better Halves',2,6,'15.mp4');
INSERT INTO `episode` VALUES (608,'Samantha\'s Lost Weekend',2,6,'16.mp4');
INSERT INTO `episode` VALUES (609,'The Phrase is Familiar',2,6,'17.mp4');
INSERT INTO `episode` VALUES (610,'Samantha\'s Secret is Discovered',2,6,'18.mp4');
INSERT INTO `episode` VALUES (611,'Tabitha\'s Very Own Samantha',2,6,'19.mp4');
INSERT INTO `episode` VALUES (612,'Super Arthur',2,6,'20.mp4');
INSERT INTO `episode` VALUES (613,'What Makes Darrin Run?',2,6,'21.mp4');
INSERT INTO `episode` VALUES (614,'Serena Stops the Show',2,6,'22.mp4');
INSERT INTO `episode` VALUES (615,'Just a Kid Again',2,6,'23.mp4');
INSERT INTO `episode` VALUES (616,'The Generation Zap',2,6,'24.mp4');
INSERT INTO `episode` VALUES (617,'Okay, Who\'s the Wise Witch?',2,6,'25.mp4');
INSERT INTO `episode` VALUES (618,'A Chance on Love',2,6,'26.mp4');
INSERT INTO `episode` VALUES (619,'If the Shoe Pinches',2,6,'27.mp4');
INSERT INTO `episode` VALUES (620,'Mona Sammi',2,6,'28.mp4');
INSERT INTO `episode` VALUES (621,'Turn on the Old Charm',2,6,'29.mp4');
INSERT INTO `episode` VALUES (622,'Make Love, Not Hate',2,6,'30.mp4');
/*BEWITCHED SEASON SEVEN*/
INSERT INTO `episode` VALUES (623,'To Go or Not to Go, That is the Question (1)',2,7,'01.mp4');
INSERT INTO `episode` VALUES (624,'Salem, Here We Come (2)',2,7,'02.mp4');
INSERT INTO `episode` VALUES (625,'The Salem Saga (1)',2,7,'03.mp4');
INSERT INTO `episode` VALUES (626,'Samantha\'s Hot Bed Warmer (2)',2,7,'04.mp4');
INSERT INTO `episode` VALUES (627,'Darrin on a Pedistal',2,7,'05.mp4');
INSERT INTO `episode` VALUES (628,'Paul Revere Rides Again',2,7,'06.mp4');
INSERT INTO `episode` VALUES (629,'Samantha\'s Bad Day in Salem',2,7,'07.mp4');
INSERT INTO `episode` VALUES (630,'Samantha\'s Old Salem Trip',2,7,'08.mp4');
INSERT INTO `episode` VALUES (631,'Samantha\'s Pet Warlock',2,7,'09.mp4');
INSERT INTO `episode` VALUES (632,'Samantha\'s Old Man',2,7,'10.mp4');
INSERT INTO `episode` VALUES (633,'The Corsican Cousins',2,7,'11.mp4');
INSERT INTO `episode` VALUES (634,'Samantha\'s Magic Potion',2,7,'12.mp4');
INSERT INTO `episode` VALUES (635,'Sisters at Heart',2,7,'13.mp4');
INSERT INTO `episode` VALUES (636,'Mother-in-Law of the Year',2,7,'14.mp4');
INSERT INTO `episode` VALUES (637,'Mary the Good Fairy',2,7,'15.mp4');
INSERT INTO `episode` VALUES (638,'The Good Fairy Strikes Again',2,7,'16.mp4');
INSERT INTO `episode` VALUES (639,'The Return of Darrin the Bold',2,7,'17.mp4');
INSERT INTO `episode` VALUES (640,'The House that Uncle Arthur Built',2,7,'18.mp4');
INSERT INTO `episode` VALUES (641,'Samantha and the Troll',2,7,'19.mp4');
INSERT INTO `episode` VALUES (642,'This Little Piggie',2,7,'20.mp4');
INSERT INTO `episode` VALUES (643,'Mixed Doubles',2,7,'21.mp4');
INSERT INTO `episode` VALUES (644,'Darrin Goes Ape',2,7,'22.mp4');
INSERT INTO `episode` VALUES (645,'Money Happy Returns',2,7,'23.mp4');
INSERT INTO `episode` VALUES (646,'Out of the Mouths of Babes',2,7,'24.mp4');
INSERT INTO `episode` VALUES (647,'Sam\'s Psychic Slip',2,7,'25.mp4');
INSERT INTO `episode` VALUES (648,'Samantha\'s Magic Mirror',2,7,'26.mp4');
INSERT INTO `episode` VALUES (649,'Laugh, Clown, Laugh',2,7,'27.mp4');
INSERT INTO `episode` VALUES (650,'Samantha and the Antique Doll',2,7,'28.mp4');
/*BEWITCHED SEASON EIGHT*/
INSERT INTO `episode` VALUES (651,'How Not to Lose Your Head to King Henry VIII (1)',2,8,'01.mp4');
INSERT INTO `episode` VALUES (652,'How Not to Lose Your Head to King Henry VIII (2)',2,8,'02.mp4');
INSERT INTO `episode` VALUES (653,'Samantha and the Loch Ness Monster',2,8,'03.mp4');
INSERT INTO `episode` VALUES (654,'Samantha\'s Not-So-Leaning Tower of Pisa',2,8,'04.mp4');
INSERT INTO `episode` VALUES (655,'Bewitched, Bothered, and Baldoni',2,8,'05.mp4');
INSERT INTO `episode` VALUES (656,'Paris, Witches\' Style',2,8,'06.mp4');
INSERT INTO `episode` VALUES (657,'The Ghost Who Made a Spectre of Himself',2,8,'07.mp4');
INSERT INTO `episode` VALUES (658,'TV or Not TV',2,8,'08.mp4');
INSERT INTO `episode` VALUES (659,'A Plague on Maurice and Samantha',2,8,'09.mp4');
INSERT INTO `episode` VALUES (660,'Hansel and Gretel in Samanthaland',2,8,'10.mp4');
INSERT INTO `episode` VALUES (661,'The Warlock in the Gray Flannel Suit',2,8,'11.mp4');
INSERT INTO `episode` VALUES (662,'The Eight-Year Witch',2,8,'12.mp4');
INSERT INTO `episode` VALUES (663,'Three Men and a Witch on a Horse',2,8,'13.mp4');
INSERT INTO `episode` VALUES (664,'Adam, Warlock or Washout?',2,8,'14.mp4');
INSERT INTO `episode` VALUES (665,'Samantha\'s Magic Sitter',2,8,'15.mp4');
INSERT INTO `episode` VALUES (666,'Samantha is Earthbound',2,8,'16.mp4');
INSERT INTO `episode` VALUES (667,'Serena\'s Richcraft',2,8,'17.mp4');
INSERT INTO `episode` VALUES (668,'Samantha on Thin Ice',2,8,'18.mp4');
INSERT INTO `episode` VALUES (669,'Serena\'s Youth Pill',2,8,'19.mp4');
INSERT INTO `episode` VALUES (670,'Tabitha\'s First Day at School',2,8,'20.mp4');
INSERT INTO `episode` VALUES (671,'George Washington Zapped Here (1)',2,8,'21.mp4');
INSERT INTO `episode` VALUES (672,'George Washington Zapped Here (2)',2,8,'22.mp4');
INSERT INTO `episode` VALUES (673,'School Days, School Daze',2,8,'23.mp4');
INSERT INTO `episode` VALUES (674,'A Good Turn Never Goes Unpunished',2,8,'24.mp4');
INSERT INTO `episode` VALUES (675,'Samantha\'s Witchcraft Blows a Fuse',2,8,'25.mp4');
INSERT INTO `episode` VALUES (676,'The Truth, Nothing But the Truth, So Help Me Sam',2,8,'26.mp4');
/* XENA SEASON ONE */
INSERT INTO `episode` VALUES (678,'Sins of the Past',5,1,'01.mp4');
INSERT INTO `episode` VALUES (679,'Chariots of War',5,1,'02.mp4');
INSERT INTO `episode` VALUES (680,'Dreamworker',5,1,'03.mp4');
INSERT INTO `episode` VALUES (681,'Cradle of Hope',5,1,'04.mp4');
INSERT INTO `episode` VALUES (682,'The Path Not Taken',5,1,'05.mp4');
INSERT INTO `episode` VALUES (683,'The Reckoning',5,1,'06.mp4');
INSERT INTO `episode` VALUES (684,'The Titans',5,1,'07.mp4');
INSERT INTO `episode` VALUES (685,'Prometheus',5,1,'08.mp4');
INSERT INTO `episode` VALUES (686,'Death in Chains',5,1,'09.mp4');
INSERT INTO `episode` VALUES (687,'Hooves and Harlots',5,1,'10.mp4');
INSERT INTO `episode` VALUES (688,'The Black Wolf',5,1,'11.mp4');
INSERT INTO `episode` VALUES (689,'Beware Greeks Bearing Gifts',5,1,'12.mp4');
INSERT INTO `episode` VALUES (690,'Athens City Academy of the Performing Bards',5,1,'13.mp4');
INSERT INTO `episode` VALUES (691,'A Fistful of Dinars',5,1,'14.mp4');
INSERT INTO `episode` VALUES (692,'Warrior... Princess',5,1,'15.mp4');
INSERT INTO `episode` VALUES (693,'Mortal Beloved',5,1,'16.mp4');
INSERT INTO `episode` VALUES (694,'The Royal Couple of Thieves',5,1,'17.mp4');
INSERT INTO `episode` VALUES (695,'The Prodigal',5,1,'18.mp4');
INSERT INTO `episode` VALUES (696,'Altared States',5,1,'19.mp4');
INSERT INTO `episode` VALUES (697,'Ties That Bind',5,1,'20.mp4');
INSERT INTO `episode` VALUES (698,'The Greater Good',5,1,'21.mp4');
INSERT INTO `episode` VALUES (699,'Callisto',5,1,'22.mp4');
INSERT INTO `episode` VALUES (700,'Death Mask',5,1,'23.mp4');
INSERT INTO `episode` VALUES (701,'Is There a Doctor in the House?',5,1,'24.mp4');
/* XENA SEASON TWO */
INSERT INTO `episode` VALUES (702,'Orphan of War',5,2,'01.mp4');
INSERT INTO `episode` VALUES (703,'Remember Nothing',5,2,'02.mp4');
INSERT INTO `episode` VALUES (704,'The Giant Killer',5,2,'03.mp4');
INSERT INTO `episode` VALUES (705,'Girls Just Wanna Have Fun',5,2,'04.mp4');
INSERT INTO `episode` VALUES (706,'The Return of Callisto',5,2,'05.mp4');
INSERT INTO `episode` VALUES (707,'Warrior... Princess... Tramp',5,2,'06.mp4');
INSERT INTO `episode` VALUES (708,'Intimate Stranger',5,2,'07.mp4');
INSERT INTO `episode` VALUES (709,'Ten Little Warlords',5,2,'08.mp4');
INSERT INTO `episode` VALUES (710,'A Solstice Carol',5,2,'09.mp4');
INSERT INTO `episode` VALUES (711,'The Xena Scrolls',5,2,'10.mp4');
INSERT INTO `episode` VALUES (712,'Here She Comes... Miss Amphipolis',5,2,'11.mp4');
INSERT INTO `episode` VALUES (713,'Destiny',5,2,'12.mp4');
INSERT INTO `episode` VALUES (714,'The Quest',5,2,'13.mp4');
INSERT INTO `episode` VALUES (715,'A Necessary Evil',5,2,'14.mp4');
INSERT INTO `episode` VALUES (716,'A Day in the Life',5,2,'15.mp4');
INSERT INTO `episode` VALUES (717,'For Him the Bell Tolls',5,2,'16.mp4');
INSERT INTO `episode` VALUES (718,'The Execution',5,2,'17.mp4');
INSERT INTO `episode` VALUES (719,'Blind Faith',5,2,'18.mp4');
INSERT INTO `episode` VALUES (720,'Ulysses',5,2,'19.mp4');
INSERT INTO `episode` VALUES (721,'The Price',5,2,'20.mp4');
INSERT INTO `episode` VALUES (722,'Lost Mariner',5,2,'21.mp4');
INSERT INTO `episode` VALUES (723,'A Comedy of Eros',5,2,'22.mp4');
/* XENA SEASON THREE */
INSERT INTO `episode` VALUES (724,'The Furies',5,3,'01.mp4');
INSERT INTO `episode` VALUES (725,'Been There, Done That',5,3,'02.mp4');
INSERT INTO `episode` VALUES (726,'The Dirty Half Dozen',5,3,'03.mp4');
INSERT INTO `episode` VALUES (727,'The Deliverer',5,3,'04.mp4');
INSERT INTO `episode` VALUES (728,'Gabrielle\'s Hope',5,3,'05.mp4');
INSERT INTO `episode` VALUES (729,'The Debt, Part 1',5,3,'06.mp4');
INSERT INTO `episode` VALUES (730,'The Debt, Part 2',5,3,'07.mp4');
INSERT INTO `episode` VALUES (731,'The King of Assassins',5,3,'08.mp4');
INSERT INTO `episode` VALUES (732,'Warrior... Priestess... Tramp',5,3,'09.mp4');
INSERT INTO `episode` VALUES (733,'The Quill Is Mightier...',5,3,'10.mp4');
INSERT INTO `episode` VALUES (734,'Maternal Instincts',5,3,'11.mp4');
INSERT INTO `episode` VALUES (735,'The Bitter Suite',5,3,'12.mp4');
INSERT INTO `episode` VALUES (736,'One Against an Army',5,3,'13.mp4');
INSERT INTO `episode` VALUES (737,'Forgiven',5,3,'14.mp4');
INSERT INTO `episode` VALUES (738,'King Con',5,3,'15.mp4');
INSERT INTO `episode` VALUES (739,'When in Rome...',5,3,'16.mp4');
INSERT INTO `episode` VALUES (740,'Forget Me Not',5,3,'17.mp4');
INSERT INTO `episode` VALUES (741,'Fins, Femmes and Gems',5,3,'18.mp4');
INSERT INTO `episode` VALUES (742,'Tsunami',5,3,'19.mp4');
INSERT INTO `episode` VALUES (743,'Vanishing Act',5,3,'20.mp4');
INSERT INTO `episode` VALUES (744,'Sacrifice, Part 1',5,3,'21.mp4');
INSERT INTO `episode` VALUES (745,'Sacrifice, Part 2',5,3,'22.mp4');
/* XENA SEASON FOUR */
INSERT INTO `episode` VALUES (746,'Adventures in the Sin Trade, Part 1',5,4,'01.mp4');
INSERT INTO `episode` VALUES (747,'Adventures in the Sin Trade, Part 2',5,4,'02.mp4');
INSERT INTO `episode` VALUES (748,'A Family Affair',5,4,'03.mp4');
INSERT INTO `episode` VALUES (749,'In Sickness and in Hell',5,4,'04.mp4');
INSERT INTO `episode` VALUES (750,'A Good Day',5,4,'05.mp4');
INSERT INTO `episode` VALUES (751,'A Tale of Two Muses',5,4,'06.mp4');
INSERT INTO `episode` VALUES (752,'Locked Up and Tied Down',5,4,'07.mp4');
INSERT INTO `episode` VALUES (753,'Crusader',5,4,'08.mp4');
INSERT INTO `episode` VALUES (754,'Past Imperfect',5,4,'09.mp4');
INSERT INTO `episode` VALUES (755,'The Key to the Kingdom',5,4,'10.mp4');
INSERT INTO `episode` VALUES (756,'Daughter of Pomira',5,4,'11.mp4');
INSERT INTO `episode` VALUES (757,'If the Shoe Fits...',5,4,'12.mp4');
INSERT INTO `episode` VALUES (758,'Paradise Found',5,4,'13.mp4');
INSERT INTO `episode` VALUES (759,'Devi',5,4,'14.mp4');
INSERT INTO `episode` VALUES (760,'Between the Lines',5,4,'15.mp4');
INSERT INTO `episode` VALUES (761,'The Way',5,4,'16.mp4');
INSERT INTO `episode` VALUES (762,'The Play\'s the Thing',5,4,'17.mp4');
INSERT INTO `episode` VALUES (763,'The Convert',5,4,'18.mp4');
INSERT INTO `episode` VALUES (764,'Takes One to Know One',5,4,'19.mp4');
INSERT INTO `episode` VALUES (765,'Endgame',5,4,'20.mp4');
INSERT INTO `episode` VALUES (766,'The Ides of March',5,4,'21.mp4');
INSERT INTO `episode` VALUES (767,'Deja Vu All over Again',5,4,'22.mp4');
/* XENA SEASON FIVE */
INSERT INTO `episode` VALUES (768,'Fallen Angel',5,5,'01.mp4');
INSERT INTO `episode` VALUES (769,'Chakram',5,5,'02.mp4');
INSERT INTO `episode` VALUES (770,'Succession',5,5,'03.mp4');
INSERT INTO `episode` VALUES (771,'Animal Attraction',5,5,'04.mp4');
INSERT INTO `episode` VALUES (772,'Them Bones, Them Bones',5,5,'05.mp4');
INSERT INTO `episode` VALUES (773,'Purity',5,5,'06.mp4');
INSERT INTO `episode` VALUES (774,'Back in the Bottle',5,5,'07.mp4');
INSERT INTO `episode` VALUES (775,'Little Problems',5,5,'08.mp4');
INSERT INTO `episode` VALUES (776,'Seeds of Faith',5,5,'09.mp4');
INSERT INTO `episode` VALUES (777,'Lyre, Lyre, Hearts on Fire',5,5,'10.mp4');
INSERT INTO `episode` VALUES (778,'Punch Lines',5,5,'11.mp4');
INSERT INTO `episode` VALUES (779,'God Fearing Child',5,5,'12.mp4');
INSERT INTO `episode` VALUES (780,'Eternal Bonds',5,5,'13.mp4');
INSERT INTO `episode` VALUES (781,'Amphipolis under Siege',5,5,'14.mp4');
INSERT INTO `episode` VALUES (782,'Married with Fishsticks',5,5,'15.mp4');
INSERT INTO `episode` VALUES (783,'Lifeblood',5,5,'16.mp4');
INSERT INTO `episode` VALUES (784,'Kindred Spirits',5,5,'17.mp4');
INSERT INTO `episode` VALUES (785,'Antony and Cleopatra',5,5,'18.mp4');
INSERT INTO `episode` VALUES (786,'Looking Death in the Eye',5,5,'19.mp4');
INSERT INTO `episode` VALUES (787,'Livia',5,5,'20.mp4');
INSERT INTO `episode` VALUES (788,'Eve',5,5,'21.mp4');
INSERT INTO `episode` VALUES (789,'Motherhood',5,5,'22.mp4');
/* XENA SEASON SIX */
INSERT INTO `episode` VALUES (790,'Coming Home',5,6,'01.mp4');
INSERT INTO `episode` VALUES (791,'The Haunting of Amphipolis',5,6,'02.mp4');
INSERT INTO `episode` VALUES (792,'Heart of Darkness',5,6,'03.mp4');
INSERT INTO `episode` VALUES (793,'Who\'s Gurkhan?',5,6,'04.mp4');
INSERT INTO `episode` VALUES (794,'Legacy',5,6,'05.mp4');
INSERT INTO `episode` VALUES (795,'The Abyss',5,6,'06.mp4');
INSERT INTO `episode` VALUES (796,'The Rheingold',5,6,'07.mp4');
INSERT INTO `episode` VALUES (797,'The Ring',5,6,'08.mp4');
INSERT INTO `episode` VALUES (798,'Return of the Valkyrie',5,6,'09.mp4');
INSERT INTO `episode` VALUES (799,'Old Ares had a Farm',5,6,'10.mp4');
INSERT INTO `episode` VALUES (800,'Dangerous Prey',5,6,'11.mp4');
INSERT INTO `episode` VALUES (801,'The God you Know',5,6,'12.mp4');
INSERT INTO `episode` VALUES (802,'You Are There',5,6,'13.mp4');
INSERT INTO `episode` VALUES (803,'Path of Vengeance',5,6,'14.mp4');
INSERT INTO `episode` VALUES (804,'To Helicon and Back',5,6,'15.mp4');
INSERT INTO `episode` VALUES (805,'Send in the Clones',5,6,'16.mp4');
INSERT INTO `episode` VALUES (806,'The Last of the Centaurs',5,6,'17.mp4');
INSERT INTO `episode` VALUES (807,'When Fates Collide',5,6,'18.mp4');
INSERT INTO `episode` VALUES (808,'Many Happy Returns',5,6,'19.mp4');
INSERT INTO `episode` VALUES (809,'Soul Possession',5,6,'20.mp4');
INSERT INTO `episode` VALUES (810,'A Friend in Need, Part 1',5,6,'21.mp4');
INSERT INTO `episode` VALUES (811,'A Friend in Need, Part 2',5,6,'22.mp4');
/* WONDER WOMAN SEASON ONE */
INSERT INTO `episode` VALUES (812,'The New Original Wonder Woman',6,1,'01.mp4');
INSERT INTO `episode` VALUES (813,'Wonder Woman Meets Baroness von Gunther',6,1,'02.mp4');
INSERT INTO `episode` VALUES (814,'The Nazi Wonder Woman',6,1,'03.mp4');
INSERT INTO `episode` VALUES (815,'Beauty on Parade',6,1,'04.mp4');
INSERT INTO `episode` VALUES (816,'The Feminum Mystique: Part 1',6,1,'05.mp4');
INSERT INTO `episode` VALUES (817,'The Feminum Mystique: Part 2',6,1,'06.mp4');
INSERT INTO `episode` VALUES (818,'Wonder Woman vs. Gargantua',6,1,'07.mp4');
INSERT INTO `episode` VALUES (819,'The Pluto File',6,1,'08.mp4');
INSERT INTO `episode` VALUES (820,'Last of the Two Dollar Bills',6,1,'09.mp4');
INSERT INTO `episode` VALUES (821,'Judgment From Outer Space: Part 1',6,1,'10.mp4');
INSERT INTO `episode` VALUES (822,'Judgment From Outer Space: Part 2',6,1,'11.mp4');
INSERT INTO `episode` VALUES (823,'Formula 407',6,1,'12.mp4');
INSERT INTO `episode` VALUES (824,'The Bushwackers',6,1,'13.mp4');
INSERT INTO `episode` VALUES (825,'Wonder Woman in Hollywood',6,1,'14.mp4');
/* WONDER WOMAN SEASON TWO */
INSERT INTO `episode` VALUES (826,'The Return of Wonder Woman',6,2,'01.mp4');
INSERT INTO `episode` VALUES (827,'Anschluss \'77',6,2,'02.mp4');
INSERT INTO `episode` VALUES (828,'The Man Who Could Move the World',6,2,'03.mp4');
INSERT INTO `episode` VALUES (829,'The Bermuda Triangle Crisis',6,2,'04.mp4');
INSERT INTO `episode` VALUES (830,'Knockout',6,2,'05.mp4');
INSERT INTO `episode` VALUES (831,'The Pied Piper',6,2,'06.mp4');
INSERT INTO `episode` VALUES (832,'The Queen and the Thief',6,2,'07.mp4');
INSERT INTO `episode` VALUES (833,'I Do, I Do',6,2,'08.mp4');
INSERT INTO `episode` VALUES (834,'The Man Who Made Volcanoes',6,2,'09.mp4');
INSERT INTO `episode` VALUES (835,'Mind Stealers from Outer Space: Part 1',6,2,'10.mp4');
INSERT INTO `episode` VALUES (836,'Mind Stealers from Outer Space: Part 2',6,2,'11.mp4');
INSERT INTO `episode` VALUES (837,'The Deadly Toys',6,2,'12.mp4');
INSERT INTO `episode` VALUES (838,'Light-Fingered Lady',6,2,'13.mp4');
INSERT INTO `episode` VALUES (839,'Screaming Javelin',6,2,'14.mp4');
INSERT INTO `episode` VALUES (840,'Diana\'s Disappearing Act',6,2,'15.mp4');
INSERT INTO `episode` VALUES (841,'Death in Disguise',6,2,'16.mp4');
INSERT INTO `episode` VALUES (842,'IRAC Is Missing',6,2,'17.mp4');
INSERT INTO `episode` VALUES (843,'Flight to Oblivion',6,2,'18.mp4');
INSERT INTO `episode` VALUES (844,'Seance of Terror',6,2,'19.mp4');
INSERT INTO `episode` VALUES (845,'The Man Who Wouldn\'t Tell',6,2,'20.mp4');
INSERT INTO `episode` VALUES (846,'The Girl from Ilandia',6,2,'21.mp4');
INSERT INTO `episode` VALUES (847,'The Murderous Missile',6,2,'22.mp4');
/* WONDER WOMAN SEASON THREE */
INSERT INTO `episode` VALUES (848,'My Teenage Idol is Missing',6,3,'01.mp4');
INSERT INTO `episode` VALUES (849,'Hot Wheels',6,3,'02.mp4');
INSERT INTO `episode` VALUES (850,'The Deadly Sting',6,3,'03.mp4');
INSERT INTO `episode` VALUES (851,'The Fine Art of Crime',6,3,'04.mp4');
INSERT INTO `episode` VALUES (852,'Disco Devil',6,3,'05.mp4');
INSERT INTO `episode` VALUES (853,'Formicida',6,3,'06.mp4');
INSERT INTO `episode` VALUES (854,'Time Bomb',6,3,'07.mp4');
INSERT INTO `episode` VALUES (855,'Skateboard Wiz',6,3,'08.mp4');
INSERT INTO `episode` VALUES (856,'The Deadly Dolphin',6,3,'09.mp4');
INSERT INTO `episode` VALUES (857,'Stolen Faces',6,3,'10.mp4');
INSERT INTO `episode` VALUES (858,'Pot of Gold',6,3,'11.mp4');
INSERT INTO `episode` VALUES (859,'Gault\'s Brain',6,3,'12.mp4');
INSERT INTO `episode` VALUES (860,'Going, Going, Gone',6,3,'13.mp4');
INSERT INTO `episode` VALUES (861,'Spaced Out',6,3,'14.mp4');
INSERT INTO `episode` VALUES (862,'The Starships are Coming',6,3,'15.mp4');
INSERT INTO `episode` VALUES (863,'Amazon Hot Wax',6,3,'16.mp4');
INSERT INTO `episode` VALUES (864,'The Richest Man in the World',6,3,'17.mp4');
INSERT INTO `episode` VALUES (865,'A Date with Doomsday',6,3,'18.mp4');
INSERT INTO `episode` VALUES (866,'The Girl With a Gift for Disaster',6,3,'19.mp4');
INSERT INTO `episode` VALUES (867,'The Boy Who Knew Her Secret: Part 1',6,3,'20.mp4');
INSERT INTO `episode` VALUES (868,'The Boy Who Knew Her Secret: Part 2',6,3,'21.mp4');
INSERT INTO `episode` VALUES (869,'The Man Who Could Not Die',6,3,'22.mp4');
INSERT INTO `episode` VALUES (870,'The Phantom of the Roller Coaster: Part 1',6,3,'23.mp4');
INSERT INTO `episode` VALUES (871,'The Phantom of the Roller Coaster: Part 2',6,3,'24.mp4');
/* INSERT INTO `episode` VALUES (); */
UNLOCK TABLES;
